<?xml version="1.0" encoding="UTF-8" ?>
<oval_definitions xmlns="http://oval.mitre.org/XMLSchema/oval-definitions-5" xmlns:oval="http://oval.mitre.org/XMLSchema/oval-common-5"  xmlns:xsi="http://www.w3.org/2001/XMLSchema-instance" xsi:schemaLocation="http://oval.mitre.org/XMLSchema/oval-definitions-5#windows windows-definitions-schema.xsd http://oval.mitre.org/XMLSchema/oval-definitions-5 oval-definitions-schema.xsd http://oval.mitre.org/XMLSchema/oval-common-5 oval-common-schema.xsd">
<generator>
  <oval:product_name>CND Assignment 3</oval:product_name> 
  <oval:schema_version>5.10</oval:schema_version> 
  <oval:timestamp>2014-02-14T15:37:22.000-05:00</oval:timestamp> 
</generator>

  <definitions>
    <definition id="oval:NoLmHash.RajatVij:def:1" version="1" class="compliance">
      <metadata>
        <title>NoLmHash</title>
        <description>
          Check that Windows is not storing LM hashes of user passwords.
        </description>
      </metadata>
      <criteria>
        <criterion test_ref="oval:NoLmHash.RajatVij:tst:1" comment="the value of the key should equal to 1"/>
      </criteria>
    </definition>

    <definition id="oval:regeditVersion.RajatVij:def:2" version="1" class="compliance">
      <metadata>
        <title>regeditVersion</title>
        <description>
          Check that the version of regedit.exe is greater than version 4.0.
        </description>
      </metadata>
      <criteria>
        <criterion test_ref="oval:regeditVersion.RajatVij:tst:2" comment="the value of the key greater than 4.0"/>
      </criteria>
    </definition>

    <definition id="oval:PrintSpooler.RajatVij:def:3" version="1" class="compliance">
      <metadata>
        <title>PrintSpooler</title>
        <description>
          Check that the Print Spooler (Spooler) service is set to start value ‘automatic’.
        </description>
      </metadata>
    <criteria>
    <criterion test_ref="oval:PrintSpooler.RajatVij:tst:3" comment="the value of the registry key equals 2"/>
     </criteria>
    </definition>
  </definitions>

  <tests>
    <registry_test comment="NoLmHash" version="1" xmlns="http://oval.mitre.org/XMLSchema/oval-definitions-5#windows" id="oval:NoLmHash.RajatVij:tst:1" check="all">
        <object object_ref="oval:NoLmHash.RajatVij:obj:1"/>
        <state state_ref="oval:NoLmHash.RajatVij:ste:1"/>
    </registry_test>

    <registry_test comment="regeditVersion" version="1" xmlns="http://oval.mitre.org/XMLSchema/oval-definitions-5#windows" id="oval:regeditVersion.RajatVij:tst:2" check="all">
        <object object_ref="oval:regeditVersion.RajatVij:obj:2"/>
        <state state_ref="oval:regeditVersion.RajatVij:ste:2"/>
    </registry_test>

    <registry_test comment="PrintSpooler" version="1" xmlns="http://oval.mitre.org/XMLSchema/oval-definitions-5#windows" id="oval:PrintSpooler.RajatVij:tst:3" check="all">
        <object object_ref="oval:PrintSpooler.RajatVij:obj:3"/>
        <state state_ref="oval:PrintSpooler.RajatVij:ste:3"/>
    </registry_test>
  </tests>

  <objects>
     <registry_object xmlns="http://oval.mitre.org/XMLSchema/oval-definitions-5#windows" id="oval:NoLmHash.RajatVij:obj:1" version="1" comment="NoLmHash">
        <hive>HKEY_LOCAL_MACHINE</hive>
        <key>SYSTEM\CurrentControlSet\Control\Lsa</key>
        <name>NoLmHash</name>
     </registry_object>

     <file_object xmlns="http://oval.mitre.org/XMLSchema/oval-definitions-5#windows" id="oval:regeditVersion.RajatVij:obj:2" version="1" comment="regeditVersion">
       <path>c:\windows</path>
       <filename>regedit.exe</filename>
     </file_object>
	 
     <registry_object xmlns="http://oval.mitre.org/XMLSchema/oval-definitions-5#windows" id="oval:PrintSpooler.RajatVij:obj:3" version="1" comment="PrintSpooler">
        <hive>HKEY_LOCAL_MACHINE</hive>
        <key>SYSTEM\CurrentControlSet\services\Spooler</key>
        <name>Start</name>
     </registry_object>
  </objects>


  <states>
    <registry_state xmlns="http://oval.mitre.org/XMLSchema/oval-definitions-5#windows" id="oval:NoLmHash.RajatVij:ste:1" version="1" comment="NoLmHash">
       <value>1</value>
    </registry_state>

    <file_state xmlns="http://oval.mitre.org/XMLSchema/oval-definitions-5#windows" id="oval:regeditVersion.RajatVij:ste:2" version="1" comment="regeditVersion">
       <version datatype="version" operation="greater than">4.0</version> 
    </file_state>


    <registry_state xmlns="http://oval.mitre.org/XMLSchema/oval-definitions-5#windows" id="oval:PrintSpooler.RajatVij:ste:3" version="1" comment="PrintSpooler">
       <value>2</value>
    </registry_state>
  </states>

  </oval_definitions>

