<?xml version="1.0" encoding="UTF-8" standalone="no" ?>
<oval_results xmlns="http://oval.mitre.org/XMLSchema/oval-results-5" xmlns:oval="http://oval.mitre.org/XMLSchema/oval-common-5" xmlns:oval-def="http://oval.mitre.org/XMLSchema/oval-definitions-5" xmlns:oval-res="http://oval.mitre.org/XMLSchema/oval-results-5" xmlns:oval-sc="http://oval.mitre.org/XMLSchema/oval-system-characteristics-5" xmlns:xsi="http://www.w3.org/2001/XMLSchema-instance" xsi:schemaLocation="http://oval.mitre.org/XMLSchema/oval-common-5 oval-common-schema.xsd http://oval.mitre.org/XMLSchema/oval-system-characteristics-5 oval-system-characteristics-schema.xsd http://oval.mitre.org/XMLSchema/oval-definitions-5 oval-definitions-schema.xsd http://oval.mitre.org/XMLSchema/oval-results-5 oval-results-schema.xsd http://oval.mitre.org/XMLSchema/oval-definitions-5#windows windows-definitions-schema.xsd http://oval.mitre.org/XMLSchema/oval-system-characteristics-5#windows windows-system-characteristics-schema.xsd">

  <generator>
    <oval:product_name>OVAL Definition Interpreter</oval:product_name>
    <oval:product_version>5.10 Build: 1</oval:product_version>
    <oval:schema_version>5.10</oval:schema_version>
    <oval:timestamp>2015-10-20T19:41:57</oval:timestamp>
    <vendor>The MITRE Corporation</vendor>
  </generator>

  <directives include_source_definitions="true">
    <definition_true content="full" reported="true"/>
    <definition_false content="full" reported="true"/>
    <definition_unknown content="full" reported="true"/>
    <definition_error content="full" reported="true"/>
    <definition_not_evaluated content="full" reported="true"/>
    <definition_not_applicable content="full" reported="true"/>
  </directives>

  <oval_definitions xmlns="http://oval.mitre.org/XMLSchema/oval-definitions-5">
    <generator>
      <oval:product_name xmlns:oval="http://oval.mitre.org/XMLSchema/oval-common-5">CND Assignment 3</oval:product_name> 
      <oval:schema_version xmlns:oval="http://oval.mitre.org/XMLSchema/oval-common-5">5.10</oval:schema_version> 
      <oval:timestamp xmlns:oval="http://oval.mitre.org/XMLSchema/oval-common-5">2014-02-14T15:37:22.000-05:00</oval:timestamp> 
</generator>

    <definitions>
      <definition class="compliance" id="oval:NoLmHash.RajatVij:def:1" version="1">
        <metadata>
          <title>NoLmHash</title>
          <description>
          Check that Windows is not storing LM hashes of user passwords.
        </description>
      </metadata>
        <criteria>
          <criterion comment="the value of the key should equal to 1" test_ref="oval:NoLmHash.RajatVij:tst:1"/>
      </criteria>
    </definition>

      <definition class="compliance" id="oval:regeditVersion.RajatVij:def:2" version="1">
        <metadata>
          <title>regeditVersion</title>
          <description>
          Check that the version of regedit.exe is greater than version 4.0.
        </description>
      </metadata>
        <criteria>
          <criterion comment="the value of the key greater than 4.0" test_ref="oval:regeditVersion.RajatVij:tst:2"/>
      </criteria>
    </definition>

      <definition class="compliance" id="oval:PrintSpooler.RajatVij:def:3" version="1">
        <metadata>
          <title>PrintSpooler</title>
          <description>
          Check that the Print Spooler (Spooler) service is set to start value ‘automatic’.
        </description>
      </metadata>
        <criteria>
          <criterion comment="the value of the registry key equals 2" test_ref="oval:PrintSpooler.RajatVij:tst:3"/>
     </criteria>
    </definition>
  </definitions>

    <tests>
      <registry_test xmlns="http://oval.mitre.org/XMLSchema/oval-definitions-5#windows" check="all" comment="NoLmHash" id="oval:NoLmHash.RajatVij:tst:1" version="1">
        <object object_ref="oval:NoLmHash.RajatVij:obj:1"/>
        <state state_ref="oval:NoLmHash.RajatVij:ste:1"/>
    </registry_test>

      <registry_test xmlns="http://oval.mitre.org/XMLSchema/oval-definitions-5#windows" check="all" comment="regeditVersion" id="oval:regeditVersion.RajatVij:tst:2" version="1">
        <object object_ref="oval:regeditVersion.RajatVij:obj:2"/>
        <state state_ref="oval:regeditVersion.RajatVij:ste:2"/>
    </registry_test>

      <registry_test xmlns="http://oval.mitre.org/XMLSchema/oval-definitions-5#windows" check="all" comment="PrintSpooler" id="oval:PrintSpooler.RajatVij:tst:3" version="1">
        <object object_ref="oval:PrintSpooler.RajatVij:obj:3"/>
        <state state_ref="oval:PrintSpooler.RajatVij:ste:3"/>
    </registry_test>
  </tests>

    <objects>
     <registry_object xmlns="http://oval.mitre.org/XMLSchema/oval-definitions-5#windows" comment="NoLmHash" id="oval:NoLmHash.RajatVij:obj:1" version="1">
        <hive>HKEY_LOCAL_MACHINE</hive>
        <key>SYSTEM\CurrentControlSet\Control\Lsa</key>
        <name>NoLmHash</name>
     </registry_object>

     <file_object xmlns="http://oval.mitre.org/XMLSchema/oval-definitions-5#windows" comment="regeditVersion" id="oval:regeditVersion.RajatVij:obj:2" version="1">
       <path>c:\windows</path>
       <filename>regedit.exe</filename>
     </file_object>
	 
     <registry_object xmlns="http://oval.mitre.org/XMLSchema/oval-definitions-5#windows" comment="PrintSpooler" id="oval:PrintSpooler.RajatVij:obj:3" version="1">
        <hive>HKEY_LOCAL_MACHINE</hive>
        <key>SYSTEM\CurrentControlSet\services\Spooler</key>
        <name>Start</name>
     </registry_object>
  </objects>


    <states>
      <registry_state xmlns="http://oval.mitre.org/XMLSchema/oval-definitions-5#windows" comment="NoLmHash" id="oval:NoLmHash.RajatVij:ste:1" version="1">
       <value>1</value>
    </registry_state>

      <file_state xmlns="http://oval.mitre.org/XMLSchema/oval-definitions-5#windows" comment="regeditVersion" id="oval:regeditVersion.RajatVij:ste:2" version="1">
       <version datatype="version" operation="greater than">4.0</version> 
    </file_state>


      <registry_state xmlns="http://oval.mitre.org/XMLSchema/oval-definitions-5#windows" comment="PrintSpooler" id="oval:PrintSpooler.RajatVij:ste:3" version="1">
       <value>2</value>
    </registry_state>
  </states>

  </oval_definitions><results>
    <system>
      <definitions>
        <definition definition_id="oval:NoLmHash.RajatVij:def:1" result="true" version="1">
          <criteria operator="AND" result="true">
            <criterion result="true" test_ref="oval:NoLmHash.RajatVij:tst:1" version="1"/>
          </criteria>
        </definition>
        <definition definition_id="oval:regeditVersion.RajatVij:def:2" result="true" version="1">
          <criteria operator="AND" result="true">
            <criterion result="true" test_ref="oval:regeditVersion.RajatVij:tst:2" version="1"/>
          </criteria>
        </definition>
        <definition definition_id="oval:PrintSpooler.RajatVij:def:3" result="true" version="1">
          <criteria operator="AND" result="true">
            <criterion result="true" test_ref="oval:PrintSpooler.RajatVij:tst:3" version="1"/>
          </criteria>
        </definition>
      </definitions>
      <tests>
        <test check="all" check_existence="at_least_one_exists" result="true" state_operator="AND" test_id="oval:NoLmHash.RajatVij:tst:1" version="1">
          <tested_item item_id="1" result="true"/>
        </test>
        <test check="all" check_existence="at_least_one_exists" result="true" state_operator="AND" test_id="oval:regeditVersion.RajatVij:tst:2" version="1">
          <tested_item item_id="2" result="true"/>
        </test>
        <test check="all" check_existence="at_least_one_exists" result="true" state_operator="AND" test_id="oval:PrintSpooler.RajatVij:tst:3" version="1">
          <tested_item item_id="3" result="true"/>
        </test>
      </tests>
      <oval_system_characteristics xmlns="http://oval.mitre.org/XMLSchema/oval-system-characteristics-5">
        <generator>
          <oval:product_name>OVAL Definition Interpreter</oval:product_name>
          <oval:product_version>5.10 Build: 1</oval:product_version>
          <oval:schema_version>5.10</oval:schema_version>
          <oval:timestamp>2015-10-20T19:41:56</oval:timestamp>
          <vendor>The MITRE Corporation</vendor>
        </generator>
        <system_info>
          <os_name>unknown Professional Service Pack 1</os_name>
          <os_version>6.1.7601</os_version>
          <architecture>AMD64</architecture>
          <primary_host_name>rajat-PC</primary_host_name>
          <interfaces>
            <interface>
              <interface_name>Intel(R) PRO/1000 MT Network Connection</interface_name>
              <ip_address>192.168.106.157</ip_address>
              <mac_address>00-0C-29-C8-8D-06</mac_address>
            </interface>
          </interfaces>
        </system_info>
        <collected_objects>
          <object comment="NoLmHash" flag="complete" id="oval:NoLmHash.RajatVij:obj:1" version="1">
            <reference item_ref="1"/>
          </object>
          <object comment="PrintSpooler" flag="complete" id="oval:PrintSpooler.RajatVij:obj:3" version="1">
            <reference item_ref="3"/>
          </object>
          <object comment="regeditVersion" flag="complete" id="oval:regeditVersion.RajatVij:obj:2" version="1">
            <reference item_ref="2"/>
          </object>
        </collected_objects>
        <system_data>
          <registry_item id="1" xmlns="http://oval.mitre.org/XMLSchema/oval-system-characteristics-5#windows">
            <hive>HKEY_LOCAL_MACHINE</hive>
            <key>SYSTEM\CurrentControlSet\Control\Lsa</key>
            <name>NoLmHash</name>
            <type>reg_dword</type>
            <value datatype="int">1</value>
          </registry_item>
          <registry_item id="3" xmlns="http://oval.mitre.org/XMLSchema/oval-system-characteristics-5#windows">
            <hive>HKEY_LOCAL_MACHINE</hive>
            <key>SYSTEM\CurrentControlSet\services\Spooler</key>
            <name>Start</name>
            <type>reg_dword</type>
            <value datatype="int">2</value>
          </registry_item>
          <file_item id="2" xmlns="http://oval.mitre.org/XMLSchema/oval-system-characteristics-5#windows">
            <filepath>c:\windows\regedit.exe</filepath>
            <path>c:\windows</path>
            <filename>regedit.exe</filename>
            <owner>NT SERVICE\TrustedInstaller</owner>
            <size datatype="int">427008</size>
            <a_time datatype="int">128920012301256988</a_time>
            <c_time datatype="int">128920012301256988</c_time>
            <m_time datatype="int">128920091696390000</m_time>
            <ms_checksum>471480</ms_checksum>
            <version datatype="version">6.1.7600.16385</version>
            <type>FILE_TYPE_DISK</type>
            <development_class>win7_rtm</development_class>
            <company>Microsoft Corporation</company>
            <internal_name>REGEDIT</internal_name>
            <language status="not collected"></language>
            <original_filename>REGEDIT.EXE.MUI</original_filename>
            <product_name>Microsoft® Windows® Operating System</product_name>
            <product_version datatype="version">6.1.7600.16385</product_version>
          </file_item>
        </system_data>
      </oval_system_characteristics>
    </system>
  </results>

</oval_results>
