<stix:STIX_Package 
	xmlns:FileObj="http://cybox.mitre.org/objects#FileObject-2"
	xmlns:cybox="http://cybox.mitre.org/cybox-2"
	xmlns:cyboxCommon="http://cybox.mitre.org/common-2"
	xmlns:cyboxVocabs="http://cybox.mitre.org/default_vocabularies-2"
	xmlns:example="http://example.com"
	xmlns:indicator="http://stix.mitre.org/Indicator-2"
	xmlns:stix="http://stix.mitre.org/stix-1"
	xmlns:stixCommon="http://stix.mitre.org/common-1"
	xmlns:stixVocabs="http://stix.mitre.org/default_vocabularies-1"
	xmlns:xsi="http://www.w3.org/2001/XMLSchema-instance" id="example:Package-d3df82da-764a-4e90-a679-fbcf432e63fe" version="1.2">
    <stix:STIX_Header>
        <stix:Description>File Hash Indicator Example</stix:Description>
    </stix:STIX_Header>
    <stix:Indicators>
        <stix:Indicator id="example:indicator-9faf73e5-379a-44c5-82a2-8d0c8084696c" timestamp="2016-04-06T20:11:05.699683+00:00" xsi:type='indicator:IndicatorType'>
            <indicator:Title>File Hash Example</indicator:Title>
            <indicator:Description>An indicator containing a File observable with an associated hash</indicator:Description>
            <indicator:Observable id="example:Observable-6f8467a6-8f4f-435f-970c-8c3f6e19452b">
                <cybox:Object id="example:File-aeb3cf39-7479-442a-bd9e-afc2b8934028">
                    <cybox:Properties xsi:type="FileObj:FileObjectType">
                        <FileObj:Hashes>
                            <cyboxCommon:Hash>
                                <cyboxCommon:Type xsi:type="cyboxVocabs:HashNameVocab-1.0">MD5</cyboxCommon:Type>
                                <cyboxCommon:Simple_Hash_Value>D3A3A66F4597FE789FD7AFA325C61F01</cyboxCommon:Simple_Hash_Value>
                            </cyboxCommon:Hash>
                        </FileObj:Hashes>
                    </cybox:Properties>
                </cybox:Object>
            </indicator:Observable>
            <indicator:Producer>
                <stixCommon:Identity>
                    <stixCommon:Name>The MITRE Corporation</stixCommon:Name>
                </stixCommon:Identity>
                <stixCommon:Time>
                    <cyboxCommon:Produced_Time>2016-04-06T20:11:05.699898+00:00</cyboxCommon:Produced_Time>
                </stixCommon:Time>
            </indicator:Producer>
        </stix:Indicator>
    </stix:Indicators>
</stix:STIX_Package>

